record_id,locus_regulador,strand_regulador,reg_start,reg_end,locus_vecino,gene_vecino,product_vecino,strand_vecino,vecino_start,vecino_end,inter_start,inter_end,inter_len,intergenic_seq,Assembly Accession,estado,label_final,motivo_AATATATATT_exacto,motivo_AATATATATT_le1mm,motivo_TTACATATTGTAA_exacto,motivo_TTACATATTGTAA_le1mm,motivo_TTTACATATTGTAAA_exacto,motivo_TTTACATATTGTAAA_le1mm
JAJAWJ010000020.1,LH415_10140,-1,22937,23495,LH415_10145,,NAD(P)H-binding protein,1,23654,24290,23495,23654,159,GTAAATTCCTCCGTTCAAACAAATTACTTGTAAAGCTTAGTGACTAAGTCTATAGTCTTCATCGGCAAGCTTAGTCACTAAGCTTATTTAATCATCGTTAAGTTTAACACGTCATGAGTAAAAAATGTCACTGATTTGGCATGAAAAGAGGGTATTATT,GCA_020532035.1,ok,False,False,False,False,False,False,False
CP031198.1,UCCLBBS449_0099,-1,100678,101236,UCCLBBS449_0100,,NADP oxidoreductase coenzyme F420-dependent,1,101395,102031,101236,101395,159,GTAAATTCCTCCGTTCAAACAAATTACTTGTAAAGCTTAGCGACTAAGTCTATAGTCTTCATCGATAAGCTTAGTGACTAAGCTTATTTAATCATCGTTAAGTTTAACACGTCATGAGTAAAAAATGTCACTGATTTGGCATGAAAAGAGGGTATTATT,GCA_006228285.1,ok,True,False,False,False,False,False,False
JAQEQA010000019.1,EEIAJOMJ_01044,1,7947,8505,EEIAJOMJ_01043,,hypothetical protein,-1,7152,7788,7788,7947,159,AATAATACCCTCTTTTCATGCCAAATCAGTGACATTTTTTACTCATGACGTGTTAAACTTAACGATGATTAAATAAGCTTAGTGACTAAGCTTGCCGATGAAGACTATAGACTTAGTCACTAATCTTTACAAGTAATTTGTTTGAACGGAGGAATTTAC,GCA_027699065.1,ok,False,False,False,False,False,False,False
JAQEQG010000020.1,OHPNBLCK_01360,1,7959,8517,OHPNBLCK_01359,,hypothetical protein,-1,7164,7800,7800,7959,159,AATAATACCCTCTTTTCATGCCAAATCAGTGACATTTTTTACTCATGACGTGTTAAACTTAACGATGATTAAATAAGCTTAGTGACTAAGCTTGCCGATGAAGACTATAGACTTAGTCACTAATCTTTACAAGTAATTTGTTTGAACGGAGGAATTTAC,GCA_027698985.1,ok,False,False,False,False,False,False,False
JAQEQK010000019.1,LLIPBOAD_01022,1,7953,8511,LLIPBOAD_01021,,hypothetical protein,-1,7158,7794,7794,7953,159,AATAATACCCTCTTTTCATGCCAAATCAGTGACATTTTTTACTCATGACGTGTTAAACTTAACGATGATTAAATAAGCTTAGTGACTAAGCTTGCCGATGAAGACTATAGACTTAGTCACTAATCTTTACAAGTAATTTGTTTGAACGGAGGAATTTAC,GCA_027698855.1,ok,False,False,False,False,False,False,False
JAQEQW010000020.1,HIDDMCHA_01332,1,7670,8228,HIDDMCHA_01331,,hypothetical protein,-1,6875,7511,7511,7670,159,AATAATACCCTCTTTTCATGCCAAATCAGTGACATTTTTTACTCATGACGTGTTAAACTTAACGATGATTAAATAAGCTTAGTGACTAAGCTTGCCGATGAAGACTATAGACTTAGTCACTAATCTTTACAAGTAATTTGTTTGAACGGAGGAATTTAC,GCA_027698465.1,ok,False,False,False,False,False,False,False
JAQEQX010000019.1,NGALABPL_01032,1,7959,8517,NGALABPL_01031,,hypothetical protein,-1,7164,7800,7800,7959,159,AATAATACCCTCTTTTCATGCCAAATCAGTGACATTTTTTACTCATGACGTGTTAAACTTAACGATGATTAAATAAGCTTAGTGACTAAGCTTGCCGATGAAGACTATAGACTTAGTCACTAATCTTTACAAGTAATTTGTTTGAACGGAGGAATTTAC,GCA_027698385.1,ok,False,False,False,False,False,False,False
JAQERE010000019.1,KGKBNEOP_01025,1,7959,8517,KGKBNEOP_01024,,hypothetical protein,-1,7164,7800,7800,7959,159,AATAATACCCTCTTTTCATGCCAAATCAGTGACATTTTTTACTCATGACGTGTTAAACTTAACGATGATTAAATAAGCTTAGTGACTAAGCTTGCCGATGAAGACTATAGACTTAGTCACTAATCTTTACAAGTAATTTGTTTGAACGGAGGAATTTAC,GCA_027698185.1,ok,False,False,False,False,False,False,False
JAQEZF010000017.1,JOIJPENI_00971,-1,5842,6400,JOIJPENI_00972,,hypothetical protein,1,6559,7195,6400,6559,159,GTAAATTCCTCCGTTCAAACAAATTACTTGTAAAGATTAGTGACTAAGTCTATAGTCTTCATCGGCAAGCTTAGTCACTAAGCTTATTTAATCATCGTTAAGTTTAACACGTCATGAGTAAAAAATGTCACTGATTTGGCATGAAAAGAGGGTATTATT,GCA_027692245.1,ok,False,False,False,False,False,False,False
JAQCSE010000020.1,PCDLABNM_01372,1,7959,8517,PCDLABNM_01371,,hypothetical protein,-1,7164,7800,7800,7959,159,AATAATACCCTCTTTTCATGCCAAATCAGTGACATTTTTTACTCATGACGTGTTAAACTTAACGATGATTAAATAAGCTTAGTGACTAAGCTTGCCGATGAAGACTATAGACTTAGTCACTAATCTTTACAAGTAATTTGTTTGAACGGAGGAATTTAC,GCA_027686645.1,ok,False,False,False,False,False,False,False
JAQDFE010000020.1,MACNPIEF_01366,1,7959,8517,MACNPIEF_01365,,hypothetical protein,-1,7164,7800,7800,7959,159,AATAATACCCTCTTTTCATGCCAAATCAGTGACATTTTTTACTCATGACGTGTTAAACTTAACGATGATTAAATAAGCTTAGTGACTAAGCTTGCCGATGAAGACTATAGACTTAGTCACTAATCTTTACAAGTAATTTGTTTGAACGGAGGAATTTAC,GCA_027664805.1,ok,False,False,False,False,False,False,False
JAOEJK010000001.1,N7L94_00425,-1,89259,89817,N7L94_00430,,NAD(P)H-binding protein,1,89976,90612,89817,89976,159,GTAAATTCCTCCGTTCAAACAAATTACTTGTAAAGCTTAGTGACTAAGTCTATAGTCTTCATCGGCAAGCTTAGTCACTAAGCTTATTTAATCATCGTTAAGTTTAACACGTCATGAGTAAAAAATGTCACTGATTTGGCATGAAAAGAGGGTATTATT,GCA_025447255.1,ok,False,False,False,False,False,False,False
CP031182.1,UCCLB95_0083,-1,84578,85136,UCCLB95_0084,,NADP oxidoreductase coenzyme F420-dependent,1,85295,85931,85136,85295,159,GTAAATTCCTCCGTTCAAACAAATTACTTGTAAAGCTTAGCGACTAAGTCTATAGTCTTCATCGATAAGCTTAGTGACTAAGCTTATTTAATCATCGTTAAGTTTAACACGTCATGAGTAAAAAATGTCACTGATTTGGCATGAAAAGAGGGTATTATT,GCA_006228265.1,ok,True,False,False,False,False,False,False
CP024635.1,CT113_08430,1,1662902,1663460,CT113_08425,,NADP oxidoreductase,-1,1662107,1662743,1662743,1662902,159,AATAATACCCTCTTTTCATGCCAAATCAGTGACATTTTTTACTCATGACGTGTTAAACTTAACGATGATTAAATAAGCTTAGTGACTAAGCTTATCGATGAAGACTATAGACTTAGTAGCTAAGCTTTACAAGTAATTTGTTTGAACGGAGGAATTTAC,GCA_002762175.1,ok,False,False,False,False,False,False,False
NVYO01000001.1,CNR29_00495,-1,106987,107545,CNR29_00500,,NADP oxidoreductase,1,107704,108340,107545,107704,159,GTAAATTCCTCCGTTTAAACAAATTACTTGTAAAACTTAGTGACTAAGTCTATAGTCTTCATCGATAAGCTTAGTCACTAAGCTTATTTAATCATCGTTAAGTTTAACACGTCATGAGTAAAAAATGTCACTGATTTGGCATGAAAAGAGGGTATTATT,GCA_002318935.1,ok,False,False,False,False,False,False,False
JXUF01000002.1,N624_0497,-1,984575,985133,N624_0498,,Rrf2-linked NADH-flavin reductase,1,985292,985928,985133,985292,159,GTAAATTCCTCCGTTCAAACAAATTACTTGTAAAGCTTAGCGACTAAGTCTATAGTCTTCATCGATAAGCTTAGTGACTAAGCTTATTTAATCATCGTTAAGTTTAACACGTCATGAGTAAAAAATGTCACTGATTTGGCATGAAAAGAGGGTATTATT,GCA_000833405.1,ok,True,False,False,False,False,False,False
CP005977.1,L747_01670,-1,68482,69040,L747_01675,,hypothetical protein,1,69199,69835,69040,69199,159,GTAAATTCCTCCGTTCAAACAAATTACTTGTAAAGCTTAGCGACTAAGTCTATAGTCTTCATCGATAAGCTTAGTGACTAAGCTTATTTAATCATCGTTAAGTTTAACACGTCATGAGTAAAAAATGTCACTGATTTGGTATGAAAAGAGGGTATTATT,GCA_000807975.1,ok,True,False,False,False,False,False,False
AUTD01000011.1,AAKGDDPA_01484,1,9701,10259,AAKGDDPA_01483,,hypothetical protein,-1,8906,9542,9542,9701,159,AATAATACCCTCTTTTCATGCCAAATCAGTGACATTTTTTACTCATGACGTGTTAAACTTAACGATGATTAAATAAGCTTAGTGACTAAGCTTATCGATGAAGACTATAGACTTAGTAGCTAAGCTTTACAAGTAATTTGTTTGAACGGAGGAATTTAC,GCA_000474675.1,ok,False,False,False,False,False,False,False
CP031169.1,UCCLBBS124_0123,-1,133127,133685,UCCLBBS124_0124,,NADP oxidoreductase coenzyme F420-dependent,1,133844,134480,133685,133844,159,GTAAATTCCTCCGTTCAAACAAATTACTTGTAAAGTTTAGTGACTAAGTCTATAGTCTTCATCGGCAAGCTTAGTCACTAAGCTTATTTAATCATCGTTAAGTTTAACACGTCATGAGTAAAAAATGTCACTGATTTGGCATGAAAAGAGGGTATTATT,GCA_006228205.1,ok,True,False,False,False,False,False,False
CP033885.1,HBJJMCOL_00558,-1,586542,587100,HBJJMCOL_00559,,hypothetical protein,1,587259,587895,587100,587259,159,GTAAATTCCTCCGTTCAAACAAATTACTTGTAAAGCTTAGTGACTAAGTCTATAGTCTTCATCGGCAAGCTTAGTCACTAAGCTTATTTAATCATCGTTAAGTTTAACACGTCATGAGTAAAAAATGTCACTGATTTGGCATGAAAAGAGGGTATTATT,GCA_003813165.1,ok,False,False,False,False,False,False,False
CP019743.1,AZI12_00530,-1,112768,113326,AZI12_00535,,NADP oxidoreductase,1,113485,114121,113326,113485,159,GTAAATTCCTCCGTTCAAACAAATTACTTGTAAAGCTTAGTGACTAAGTCTATAGTCTTCATCGGCAAGCTTAGTCACTAAGCTTATTTAATCATCGTTAAGTTTAACACGTCATGAGTAAAAAATGTCACTGATTTGGCATGAAAAGAGGGTATTATT,GCA_002117375.1,ok,True,False,False,False,False,False,False
CP019734.1,AZI11_00525,-1,110638,111196,AZI11_00530,,NADP oxidoreductase,1,111355,111991,111196,111355,159,GTAAATTCCTCCGTTCAAACAAATTACTTGTAAAGCTTAGTGACTAAGTCTATAGTCTTCATCGGCAAGCTTAGTCACTAAGCTTATTTAATCATCGTTAAGTTTAACACGTCATGAGTAAAAAATGTCACTGATTTGGCATGAAAAGAGGGTATTATT,GCA_002117345.1,ok,True,False,False,False,False,False,False
MZMW01000001.1,LBR_00035,1,8048,8606,LBR_00030,,NADP oxidoreductase,-1,7253,7889,7889,8048,159,AATAATACCCTCTTTTCATGCCAAATCAGTGACATTTTTTACTCATGACGTGTTAAACTTAACGATGATTAAATAAGCTTAGTGACTAAGCTTGCCTATGAAGACTATAGACTTAGTCACTAAGCTTTACAAGTAATTTGTTTGAACGGAGGAATTTAC,GCA_002093065.1,ok,False,False,False,False,False,False,False
MDUA01000001.1,BGC39_07235,-1,1046776,1047334,BGC39_07240,,hypothetical protein,1,1047493,1048129,1047334,1047493,159,GTAAATTCCTCCGTTCAAACAAATTACTTGTAAAGCTTAGTGACTAAGTCTATAGTCTTCATCGGCAAGCTTAGTCACTAAGCTTATTTAATCATCGTTAAGTTTAACACGTCATGAGTAAAAAATGTCACTGATTTGGCATGAAAAGAGGGTATTATT,GCA_001722065.1,ok,False,False,False,False,False,False,False
JOKA01000023.1,LbDm2_1247,-1,46755,47313,LbDm2_1248,,putative NADH-flavin reductase,1,47472,48108,47313,47472,159,GTAAATTCCTCCGTTCAAACAAATTACTTGTAAAGCTTAGTGACTAAGTCTATAGTCTTCATCGGCAAGCTTAGTCACTAAGCTTATTTAATCATCGTTAAGTTTAACACGTCATGAGTAAAAAATGTCACTGATTTGGCATGAAAAGAGGGTATTATT,GCA_000814725.1,ok,False,False,False,False,False,False,False
JXUE01000015.1,QP38_1417,1,868599,869157,QP38_1416,,Rrf2-linked NADH-flavin reductase,-1,867804,868440,868440,868599,159,AATAATACCCTCTTTTCATGCCAAATCAGTGACATTTTTTACTCATGACGTGTTAAACTTAACGATGATTAAATAAGCTTAGTCACTAAGCTTATCGATGAAGACTATAGACTTAGTCGCTAAGTTTTACAAGTAATTTGTTTGAACGGAGGAATTTAC,GCA_000833415.1,ok,False,False,False,False,False,False,False
KI271267.1,HMPREF0495_01392,-1,8013,8571,HMPREF0495_01393,,hypothetical protein,1,8730,9366,8571,8730,159,GTAAATTCCTCCGTTCAAACAAATTACTTGTAAAACTTAGCGACTAAGTCTATAGTCTTCATCGATAAGCTTAGTGACTAAGCTTATTTAATCATCGTTAAGTTTAACACGTCATGAGTAAAAAATGTCACTGATTTGGCATGAAAAGAGGGTATTATT,GCA_000469365.1,ok,False,False,False,False,False,False,False
NZ_LPXV01000010.1,BW124_RS07200,1,9701,10259,BW124_RS07195,,NAD(P)-dependent oxidoreductase,-1,8906,9542,9542,9701,159,AATAATACCCTCTTTTCATGCCAAATCAGTGACATTTTTTACTCATGACGTGTTAAACTTAACGATGATTAAATAAGCTTAGTGACTAAGCTTATCGATGAAGACTATAGACTTAGTAGCTAAGCTTTACAAGTAATTTGTTTGAACGGAGGAATTTAC,GCF_001953605.1,ok,False,False,False,False,False,False,False
NZ_LGIX01000030.1,ADT67_RS08695,-1,19544,20102,ADT67_RS08700,,NAD(P)-dependent oxidoreductase,1,20261,20897,20102,20261,159,GTAAATTCCTCCGTTCAAACAAATTACTTGTAAAGCTTAGCGACTAAGTCTATAGTCTTCATCGATAAGCTTAGTGACTAAGCTTATTTAATCATCGTTAAGTTTAACACGTCATGAGTAAAAAATGTCACTGATTTGGCATGAAAAGAGGGTATTATT,GCF_001923045.1,ok,True,False,False,False,False,False,False
NZ_CP015398.1,A6F53_RS01695,-1,361611,362169,A6F53_RS01700,,NAD(P)-dependent oxidoreductase,1,362328,362964,362169,362328,159,GTAAATTCCTCCGTTCAAACAAATTACTTGTAAAACTTAGTGACTAAGTCTATAGTCTTCATCAACAAGCTTAGTCACTAAGCTTATTTAATCATCGTTAAGTTTAACACGTCATGAGTAAAAAATGTCACTGATTTGGCATGAAAAGAGGGTATTATT,GCF_001676805.1,ok,False,False,False,False,False,False,False
FPCQ01000062.1,PHHBCBHJ_01771,-1,19422,19980,PHHBCBHJ_01772,,hypothetical protein,1,20139,20775,19980,20139,159,GTAAATTCCTCCGTTCAAACAAATTACTTGTAAAGCTTAGCGACTAAGTCTATAGTCTTCATCGATAAGCTTAGTGACTAAGCTTATTTAATCATCGTTAAGTTTAACACGTCATGAGTAAAAAATGTCACTGATTTGGCATGAAAAGAGGGTATTATT,GCA_900117025.1,ok,True,False,False,False,False,False,False
FPCN01000109.1,BBJIONDP_00334,-1,19422,19980,BBJIONDP_00335,,hypothetical protein,1,20139,20775,19980,20139,159,GTAAATTCCTCCGTTCAAACAAATTACTTGTAAAGCTTAGCGACTAAGTCTATAGTCTTCATCGATAAGCTTAGTGACTAAGCTTATTTAATCATCGTTAAGTTTAACACGTCATGAGTAAAAAATGTCACTGATTTGGCATGAAAAGAGGGTATTATT,GCA_900117015.1,ok,True,False,False,False,False,False,False
FPCO01000097.1,IKIEPMFM_01008,-1,19422,19980,IKIEPMFM_01009,,hypothetical protein,1,20139,20775,19980,20139,159,GTAAATTCCTCCGTTCAAACAAATTACTTGTAAAGCTTAGCGACTAAGTCTATAGTCTTCATCGATAAGCTTAGTGACTAAGCTTATTTAATCATCGTTAAGTTTAACACGTCATGAGTAAAAAATGTCACTGATTTGGCATGAAAAGAGGGTATTATT,GCA_900116995.1,ok,True,False,False,False,False,False,False
FPCL01000170.1,HKAJCJDL_02267,-1,19424,19982,HKAJCJDL_02268,,hypothetical protein,1,20141,20777,19982,20141,159,GTAAATTCCTCCGTTCAAACAAATTACTTGTAAAGCTTAGCGACTAAGTCTATAGTCTTCATCGATAAGCTTAGTGACTAAGCTTATTTAATCATCGTTAAGTTTAACACGTCATGAGTAAAAAATGTCACTGATTTGGCATGAAAAGAGGGTATTATT,GCA_900116975.1,ok,True,False,False,False,False,False,False
FPCM01000200.1,NDEPAJBD_00349,-1,14026,14584,NDEPAJBD_00350,,hypothetical protein,1,14743,15379,14584,14743,159,GTAAATTCCTCCGTTCAAACAAATTACTTGTAAAGCTTAGCGACTAAGTCTATAGTCTTCATCGATAAGCTTAGTGACTAAGCTTATTTAATCATCGTTAAGTTTAACACGTCATGAGTAAAAAATGTCACTGATTTGGCATGAAAAGAGGGTATTATT,GCA_900116945.1,ok,True,False,False,False,False,False,False
CAUSUJ010000001.1,NKPOPOOD_00007,1,7725,8283,NKPOPOOD_00006,,hypothetical protein,-1,6930,7566,7566,7725,159,AATAATACCCTCTTTTCATGCCAAATCAGTGACATTTTTTACTCATGACGTGTTAAACTTAACGATGATTAAATAAGCTTAGTGACTAAGCTTTCCGATGAAGACTATAGACTTAGTCACTAAGCTTTACAAGTAATTTGTTTGAACGGAGGAATTTAC,GCA_963534875.1,ok,False,False,False,False,False,False,False
CAKMAP010000001.1,LODFIKEJ_00921,-1,950821,951379,LODFIKEJ_00922,,hypothetical protein,1,951538,952174,951379,951538,159,GTAAATTCCTCCGTTCAAACAAATTACTTGTAAAGCTTAGTGACTAAGTCTATAGTCTTCATCGGCAAGCTTAGTCACTAAGCTTATTTAATCATCGTTAAGTTTAACACGTCATGAGTAAAAAATGTCACTGATTTGGCATGAAAAGAGGGTATTATT,GCA_925281805.1,ok,False,False,False,False,False,False,False
NZ_AZCP01000003.1,FC61_RS05850,1,7902,8460,FC61_RS05845,,NAD(P)-dependent oxidoreductase,-1,7107,7743,7743,7902,159,AATAATACCCTCTTTTCATGCCAAATCAGTGACATTTTTTACTCATGACGTGTTAAACTTAACGATGATTAAATAAGCTTAGTCACTAAGCTTATCGATGAAGACTATAGACTTAGTCGCTAAGTTTTACAAGTAATTTGTTTGAACGGAGGAATTTAC,GCF_001433855.1,ok,False,False,False,False,False,False,False
LS483405.1,NCTC13768_00092,-1,95164,95722,NCTC13768_00093,,coenzyme F420-dependent NADP oxidoreductase,1,95881,96517,95722,95881,159,GTAAATTCCTCCGTTCAAACAAATTACTTGTAAAACTTAGCGACTAAGTCTATAGTCTTCATCGATAAGCTTAGTGACTAAGCTTATTTAATCATCGTTAAGTTTAACACGTCATGAGTAAAAAATGTCACTGATTTGGCATGAAAAGAGGGTATTATT,GCA_900475625.1,ok,False,False,False,False,False,False,False
CAKMBG010000004.1,DBPDDJML_01780,-1,372705,373263,DBPDDJML_01781,,hypothetical protein,1,373422,374058,373263,373422,159,GTAAATTCCTCCGTTCAAACAAATTACTTGTAAAACTTAGCGACTAAGCCTATAGTCTTCATCGATAAGCTTAGTGACTAAGCTTATTTAATCATCGTTAAGTTTAACACGTCATGAGTAAAAAATGTCACTGATTTGGCATGAAAAGAGGGTATTATT,GCA_925285845.1,ok,False,False,False,False,False,False,False
FPCR01000067.1,KIFFLEHN_02455,-1,19422,19980,KIFFLEHN_02456,,hypothetical protein,1,20139,20775,19980,20139,159,GTAAATTCCTCCGTTCAAACAAATTACTTGTAAAGCTTAGCGACTAAGTCTATAGTCTTCATCGATAAGCTTAGTGACTAAGCTTATTTAATCATCGTTAAGTTTAACACGTCATGAGTAAAAAATGTCACTGATTTGGCATGAAAAGAGGGTATTATT,GCA_900117045.1,ok,True,False,False,False,False,False,False
CP031169.1,UCCLBBS124_1191,1,1270151,1270721,UCCLBBS124_1190,,Phospholipid-binding protein,-1,1269528,1270074,1270074,1270151,77,GCGCATCGCCTTTATTATTTTATTTACATGTTGTAATATATTTTTACAACATGTAAAAGTCAAGTAGGAGGAAGAAA,GCA_006228205.1,ok,True,False,True,False,True,False,False
CP033885.1,HBJJMCOL_01670,1,1716903,1717473,HBJJMCOL_01669,,hypothetical protein,-1,1716280,1716826,1716826,1716903,77,GCGCATCGCCTTTATTATTTTATTTACATGTTGTAATATATTTTTACAACATGTAAAAGTCAAGTAGGAGGAAGAAA,GCA_003813165.1,ok,False,False,True,False,True,False,False
CP024635.1,CT113_02235,-1,425767,426337,CT113_02240,,YbhB/YbcL family Raf kinase inhibitor-like protein,1,426408,426960,426337,426408,71,TTTCTTCCTCCTACTTGACTTTTACATGTTGTAAATATATATTACAACATGTAAATAAAATAATAAAGGCG,GCA_002762175.1,ok,False,True,True,False,True,False,True
MDUA01000001.1,BGC39_13130,1,2229037,2229607,BGC39_13125,,hypothetical protein,-1,2228414,2228960,2228960,2229037,77,GCGCATCGCCTTTATTATTTTATTTACATGTTGTAATATATTTTTACAACATGTAAAAGTCAAGTAGGAGGAAGAAA,GCA_001722065.1,ok,False,False,True,False,True,False,False
JOKA01000008.1,LbDm2_0175,-1,176517,177087,LbDm2_0176,,Phospholipid-binding protein,1,177164,177710,177087,177164,77,TTTCTTCCTCCTACTTGACTTTTACATGTTGTAAAAATATATTACAACATGTAAATAAAATAATAAAGGCGATGCGC,GCA_000814725.1,ok,False,False,True,False,True,False,True
AUTD01000003.1,AAKGDDPA_00227,-1,165576,166146,AAKGDDPA_00228,,hypothetical protein,1,166223,166769,166146,166223,77,TTTCTTCCTCCTACTTGACTTTTACATGTTGTAAATATATATTACAACATGTAAATAAAATAATAAAGGCGATGCGC,GCA_000474675.1,ok,False,True,True,False,True,False,True
CP019743.1,AZI12_06585,1,1318795,1319365,AZI12_06580,,hypothetical protein,-1,1318172,1318718,1318718,1318795,77,GCGCATCGCCTTTATTATTTTATTTACATATTGTAATATATATTTACAACATGTAAAAGGCAAGCAGGAGGAAGAAA,GCA_002117375.1,ok,True,True,True,True,True,False,True
CP019734.1,AZI11_06540,1,1314619,1315189,AZI11_06535,,hypothetical protein,-1,1313996,1314542,1314542,1314619,77,GCGCATCGCCTTTATTATTTTATTTACATATTGTAATATATATTTACAACATGTAAAAGGCAAGCAGGAGGAAGAAA,GCA_002117345.1,ok,True,True,True,True,True,False,True
JXUE01000015.1,QP38_0331,1,2100904,2101474,QP38_0330,,Phospholipid-binding protein,-1,2100281,2100827,2100827,2100904,77,GCGCATCGCCTTTATTATTTTATTTACATATTGTAATATATATTTACAACATGTAAAAGGCAAGCAGGAGGAAGAAA,GCA_000833415.1,ok,False,True,True,True,True,False,True
KI271260.1,HMPREF0495_00209,-1,31086,31656,HMPREF0495_00210,,Raf-like protein,1,31733,32279,31656,31733,77,TTTCTTCCTCCTGCTTGCCTTTTACATGTTGTAAATATATATTACAATATGTAAATAAAATAATAAAGGCGATGCGC,GCA_000469365.1,ok,False,True,True,False,True,False,True
CP019750.1,AZI10_06560,-1,1321145,1321715,AZI10_06565,,hypothetical protein,1,1321791,1322337,1321715,1321791,76,TTTCTTCCTCCTACTTGACTTTTACATGTTGTAAATATATATTACAACATGTAAAAAAATAATAAAGGCGATGCGC,GCA_002117325.1,ok,True,True,True,False,True,False,True
CP016797.1,AZI09_06215,-1,1272798,1273368,AZI09_06220,,hypothetical protein,1,1273444,1273990,1273368,1273444,76,TTTCTTCCTCCTACTTGACTTTTACATGTTGTAAATATATATTACAACATGTAAAAAAATAATAAAGGCGATGCGC,GCA_002117225.1,ok,True,True,True,False,True,False,True
MZMW01000003.1,LBR_07645,1,227412,227982,LBR_07640,,hypothetical protein,-1,226789,227341,227341,227412,71,CGCCTTTATTATTTTATTTACATGTTGTAATATATTTTTACAACATGTAAAAGTCAAGTAGGAGGAAGAAA,GCA_002093065.1,ok,False,False,True,False,True,False,False
NVYO01000001.1,CNR29_06640,1,1329774,1330344,CNR29_06635,,YbhB/YbcL family Raf kinase inhibitor-like protein,-1,1329151,1329703,1329703,1329774,71,CGCCTTTATTATTTTATTTACATGTTGTAATATATATTTACAACATGTAAAAGTCAAGCAGGAGGAAGAAA,GCA_002318935.1,ok,False,True,True,False,True,False,False
CP005977.1,L747_05000,1,697068,697638,L747_04995,,hypothetical protein,-1,696445,696991,696991,697068,77,GCGCATCGCCTTTATTATTTTATTTACATGTTGTAATATATATTTACAATATGTAAAAGTCAAGTAGGAGGAAGAAA,GCA_000807975.1,ok,True,True,True,False,True,False,False
JXUF01000002.1,N624_1909,-1,2267917,2268487,N624_1910,,Phospholipid-binding protein,1,2268564,2269110,2268487,2268564,77,TTTCTTCCTCCTACTTGACTTTTACATATTGTAAATATATATTACAACATATAAATAAAATAATAAAGGCGATGCGC,GCA_000833405.1,ok,True,True,True,True,True,True,True
JAQEQA010000008.1,EEIAJOMJ_02432,-1,41974,42544,EEIAJOMJ_02433,,hypothetical protein,1,42621,43167,42544,42621,77,TTTCTTCCTCCTACTTGACTTTTACATGTTGTAAAAATATATTACAACATGTAAATAAAATAATAAAGGCGATGCGC,GCA_027699065.1,ok,False,False,True,False,True,False,True
JAQEQG010000008.1,OHPNBLCK_02491,1,81039,81609,OHPNBLCK_02490,,hypothetical protein,-1,80416,80962,80962,81039,77,GCGCATCGCCTTTATTATTTTATTTACATGTTGTAATATATTTTTACAACATGTAAAAGTCAAGTAGGAGGAAGAAA,GCA_027698985.1,ok,False,False,True,False,True,False,False
JAQEQK010000008.1,LLIPBOAD_02423,-1,41980,42550,LLIPBOAD_02424,,hypothetical protein,1,42627,43173,42550,42627,77,TTTCTTCCTCCTACTTGACTTTTACATGTTGTAAAAATATATTACAACATGTAAATAAAATAATAAAGGCGATGCGC,GCA_027698855.1,ok,False,False,True,False,True,False,True
JAQEQW010000008.1,HIDDMCHA_02442,-1,41974,42544,HIDDMCHA_02443,,hypothetical protein,1,42621,43167,42544,42621,77,TTTCTTCCTCCTACTTGACTTTTACATGTTGTAAAAATATATTACAACATGTAAATAAAATAATAAAGGCGATGCGC,GCA_027698465.1,ok,False,False,True,False,True,False,True
JAQEQX010000008.1,NGALABPL_02468,1,81039,81609,NGALABPL_02467,,hypothetical protein,-1,80416,80962,80962,81039,77,GCGCATCGCCTTTATTATTTTATTTACATGTTGTAATATATTTTTACAACATGTAAAAGTCAAGTAGGAGGAAGAAA,GCA_027698385.1,ok,False,False,True,False,True,False,False
JAQERE010000008.1,KGKBNEOP_02469,1,81039,81609,KGKBNEOP_02468,,hypothetical protein,-1,80416,80962,80962,81039,77,GCGCATCGCCTTTATTATTTTATTTACATGTTGTAATATATTTTTACAACATGTAAAAGTCAAGTAGGAGGAAGAAA,GCA_027698185.1,ok,False,False,True,False,True,False,False
JAQEZF010000008.1,JOIJPENI_02495,1,81021,81591,JOIJPENI_02494,,hypothetical protein,-1,80398,80944,80944,81021,77,GCGCATCGCCTTTATTATTTTATTTACATGTTGTAATATATTTTTACAACATGTAAAAGTCAAGTAGGAGGAAGAAA,GCA_027692245.1,ok,False,False,True,False,True,False,False
JAQCSE010000008.1,PCDLABNM_02491,1,81039,81609,PCDLABNM_02490,,hypothetical protein,-1,80416,80962,80962,81039,77,GCGCATCGCCTTTATTATTTTATTTACATGTTGTAATATATTTTTACAACATGTAAAAGTCAAGTAGGAGGAAGAAA,GCA_027686645.1,ok,False,False,True,False,True,False,False
JAQDFE010000008.1,MACNPIEF_02485,1,81039,81609,MACNPIEF_02484,,hypothetical protein,-1,80416,80962,80962,81039,77,GCGCATCGCCTTTATTATTTTATTTACATGTTGTAATATATTTTTACAACATGTAAAAGTCAAGTAGGAGGAAGAAA,GCA_027664805.1,ok,False,False,True,False,True,False,False
JAOEJK010000001.1,N7L94_06040,1,1237890,1238460,N7L94_06035,,YbhB/YbcL family Raf kinase inhibitor-like protein,-1,1237267,1237813,1237813,1237890,77,GCGCATCGCCTTTATTATTTTATTTACATGTTGTAATATATTTTTACAACATGTAAAAGTCAAGTAGGAGGAAGAAA,GCA_025447255.1,ok,False,False,True,False,True,False,False
RITV01000161.1,EFS17_11960,-1,2031,2601,EFS17_11965,,YbhB/YbcL family Raf kinase inhibitor-like protein,1,2672,3224,2601,2672,71,TTTCTTCCTCCTGTTTGGCTTTTACATGTTGTAAATGTATATTACAACATGTAAATAAAATAATAAAGGCG,GCA_025194465.1,ok,False,False,True,False,True,False,True
NZ_LPXV01000003.1,BW124_RS01080,-1,165576,166146,BW124_RS01085,,YbhB/YbcL family Raf kinase inhibitor-like protein,1,166223,166769,166146,166223,77,TTTCTTCCTCCTACTTGACTTTTACATGTTGTAAATATATATTACAACATGTAAATAAAATAATAAAGGCGATGCGC,GCF_001953605.1,ok,False,True,True,False,True,False,True
NZ_CP015398.1,A6F53_RS07295,1,1514137,1514707,A6F53_RS07290,,YbhB/YbcL family Raf kinase inhibitor-like protein,-1,1513514,1514060,1514060,1514137,77,GCGCATCGCCTTTATTATTTTATTTACATGTTGTAATATATATTTACAATATGTAAAAGTCAAGCAGGAGGAAGAAA,GCF_001676805.1,ok,False,True,True,False,True,False,False
CAUSUJ010000002.1,NKPOPOOD_01011,1,228360,228930,NKPOPOOD_01010,,hypothetical protein,-1,227737,228283,228283,228360,77,GCGCATCGCCTTTATTATTTTATTTACATGTTGTAATATATTTTTACAACATGTAAAAGTCAAGTAGGAGGAAGAAA,GCA_963534875.1,ok,False,False,True,False,True,False,False
CAKMAP010000002.1,LODFIKEJ_01239,-1,328170,328740,LODFIKEJ_01240,,hypothetical protein,1,328817,329363,328740,328817,77,TTTCTTCCTCCTACTTGACTTTTACATGTTGTAAAAATATATTACAACATGTAAATAAAATAATAAAGGCGATGCGC,GCA_925281805.1,ok,False,False,True,False,True,False,True
NZ_AZCP01000001.1,FC61_RS02060,-1,390089,390659,FC61_RS02065,,YbhB/YbcL family Raf kinase inhibitor-like protein,1,390736,391282,390659,390736,77,TTTCTTCCTCCTGCTTGCCTTTTACATGTTGTAAATATATATTACAATATGTAAATAAAATAATAAAGGCGATGCGC,GCF_001433855.1,ok,False,True,True,False,True,False,True
LS483405.1,NCTC13768_01240,1,1235263,1235833,NCTC13768_01239,,phospholipid-binding protein,-1,1234640,1235186,1235186,1235263,77,GCGCATCGCCTTTATTATTTTATTTACATATTGTAATATATATTTACAACATGTAAAAGGCAAGCAGGAGGAAGAAA,GCA_900475625.1,ok,False,True,True,True,True,False,True
CAKMBG010000001.1,DBPDDJML_00237,1,225871,226441,DBPDDJML_00236,,hypothetical protein,-1,225251,225797,225797,225871,74,GCGCATCGCCTTTATTATTTTTACATGTTGTAATATATATTTACAACATGTAAAAGTCAAGTAGGAGGAAGAAA,GCA_925285845.1,ok,False,True,True,False,True,False,False
FPCM01000058.1,NDEPAJBD_00588,1,36936,37506,NDEPAJBD_00587,,hypothetical protein,-1,36313,36859,36859,36936,77,GCGCATCGCCTTTATTATTTTATTTACATGTTGTAATATATATTTACAATATGTAAAAGTCAAGCAGGAGGAAGAAA,GCA_900116945.1,ok,True,True,True,False,True,False,False
NZ_LGIX01000021.1,ADT67_RS07130,1,33785,34355,ADT67_RS07125,,YbhB/YbcL family Raf kinase inhibitor-like protein,-1,33162,33708,33708,33785,77,GCGCATCGCCTTTATTATTTTATTTATATGTTGTAATATATATTTACAATATGTAAAAGTCAAGTAGGAGGAAGAAA,GCF_001923045.1,ok,True,True,True,False,False,False,False
FPCR01000165.1,KIFFLEHN_00839,-1,5173,5743,KIFFLEHN_00840,,hypothetical protein,1,5820,6366,5743,5820,77,TTTCTTCCTCCTACTTGACTTTTACATATTGTAAATATATATTACAACATATAAATAAAATAATAAAGGCGATGCGC,GCA_900117045.1,ok,True,True,True,True,True,True,True
FPCQ01000131.1,PHHBCBHJ_01398,-1,5174,5744,PHHBCBHJ_01399,,hypothetical protein,1,5821,6367,5744,5821,77,TTTCTTCCTCCTACTTGACTTTTACATATTGTAAATATATATTACAACATATAAATAAAATAATAAAGGCGATGCGC,GCA_900117025.1,ok,True,True,True,True,True,True,True
FPCN01000126.1,BBJIONDP_00431,-1,5173,5743,BBJIONDP_00432,,hypothetical protein,1,5820,6366,5743,5820,77,TTTCTTCCTCCTACTTGACTTTTACATATTGTAAATATATATTACAACATATAAATAAAATAATAAAGGCGATGCGC,GCA_900117015.1,ok,True,True,True,True,True,True,True
FPCO01000113.1,IKIEPMFM_00709,-1,2995,3565,IKIEPMFM_00710,,hypothetical protein,1,3642,4188,3565,3642,77,TTTCTTCCTCCTACTTGACTTTTACATATTGTAAATATATATTACAACATATAAATAAAATAATAAAGGCGATGCGC,GCA_900116995.1,ok,True,True,True,True,True,True,True
FPCL01000143.1,HKAJCJDL_01697,-1,5173,5743,HKAJCJDL_01698,,hypothetical protein,1,5820,6366,5743,5820,77,TTTCTTCCTCCTACTTGACTTTTACATATTGTAAATATATATTACAACATATAAATAAAATAATAAAGGCGATGCGC,GCA_900116975.1,ok,True,True,True,True,True,True,True
QFDL01000004.1,DIS15_05465,-1,153386,153956,DIS15_05470,,YbhB/YbcL family Raf kinase inhibitor-like protein,1,154025,154577,153956,154025,69,TTTCTTCCTCCTACTTGACTTTTACATGTTGTAAATATATATTACAACATGTAAAAAATAATAAAGGCG,GCA_006381935.1,ok,False,True,True,False,True,False,True
CP031198.1,UCCLBBS449_1305,-1,1385848,1386418,UCCLBBS449_1306,,Phospholipid-binding protein,1,1386495,1387041,1386418,1386495,77,TTTCTTCCTCCTACTTGACTTTTACATATTGTAAATATATATTACAACATATAAATAAAATAATAAAGGCGATGCGC,GCA_006228285.1,ok,True,True,True,True,True,True,True
CP031182.1,UCCLB95_1095,1,1140707,1141355,UCCLB95_1094,,permease,-1,1139426,1140164,1140164,1140707,543,TAGGGTTGCCTTCTTTCATAGGATAAGTTAAGACTAGTTTGATCCAAAATAACGGACTCAAGGTGGTCAAATAAGGTATTCAGGTAGAAACCATTTTCCACTGGTATCAGGGCCTTCAAAGCGTATACTGTCAATCGGTATTGATGGCTTCCCTGACGAGGACGGGGACCTGAATAGTGAATTGCTAAATTTTGACCAAAGGACGTATGGCGCCATAATGGATGCCGTATACGTTGGACTAGTGAATCAATGCTGTTTCGACCTTGTGGAAGTAAGGCTGATTCGCTAAAATTAGGTGCAATGCTGATGGTCTTTGTATGAACAGGGTAATTAGCAACTACCCAGTGAATCCAAGGGAAACCAATGAGTGGTATCGTATCATAATCAATTAGGGTCCAACAAACATAGCTGGTTCCTGTGGGTAAGGCAATTATCTGAAACGGAAATGATTGTTGATTGATGCCATGATTAAGGTGTTCAGGAGTTACATTACAACCATATTTATCAGGAATTGTTTTAGAGGAAAAATTAGTTTGGATTTGC,GCA_006228265.1,ok,True,False,False,False,False,False,False
